[
    {
        "model": "division_core.loadoutslot",
        "pk": 1,
        "fields": {
            "created_at": "2023-06-18T17:14:29.476Z",
            "updated_at": "2023-06-18T17:14:29.476Z",
            "user": 1,
            "load_out_slot_name": "Primary Weapon"
        }
    },
    {
        "model": "division_core.loadoutslot",
        "pk": 2,
        "fields": {
            "created_at": "2023-06-18T17:14:29.482Z",
            "updated_at": "2023-06-18T17:14:29.482Z",
            "user": 1,
            "load_out_slot_name": "Secondary Weapon"
        }
    },
    {
        "model": "division_core.loadoutslot",
        "pk": 3,
        "fields": {
            "created_at": "2023-06-18T17:14:29.485Z",
            "updated_at": "2023-06-18T17:14:29.485Z",
            "user": 1,
            "load_out_slot_name": "Sidearm"
        }
    },
    {
        "model": "division_core.loadoutslot",
        "pk": 4,
        "fields": {
            "created_at": "2023-06-18T17:14:29.487Z",
            "updated_at": "2023-06-18T17:14:29.487Z",
            "user": 1,
            "load_out_slot_name": "Mask"
        }
    },
    {
        "model": "division_core.loadoutslot",
        "pk": 5,
        "fields": {
            "created_at": "2023-06-18T17:14:29.490Z",
            "updated_at": "2023-06-18T17:14:29.490Z",
            "user": 1,
            "load_out_slot_name": "Chest"
        }
    },
    {
        "model": "division_core.loadoutslot",
        "pk": 6,
        "fields": {
            "created_at": "2023-06-18T17:14:29.492Z",
            "updated_at": "2023-06-18T17:14:29.492Z",
            "user": 1,
            "load_out_slot_name": "Holster"
        }
    },
    {
        "model": "division_core.loadoutslot",
        "pk": 7,
        "fields": {
            "created_at": "2023-06-18T17:14:29.494Z",
            "updated_at": "2023-06-18T17:14:29.494Z",
            "user": 1,
            "load_out_slot_name": "Backpack"
        }
    },
    {
        "model": "division_core.loadoutslot",
        "pk": 8,
        "fields": {
            "created_at": "2023-06-18T17:14:29.497Z",
            "updated_at": "2023-06-18T17:14:29.497Z",
            "user": 1,
            "load_out_slot_name": "Kneepads"
        }
    },
    {
        "model": "division_core.loadoutslot",
        "pk": 9,
        "fields": {
            "created_at": "2023-06-18T17:14:29.499Z",
            "updated_at": "2023-06-18T17:14:29.499Z",
            "user": 1,
            "load_out_slot_name": "Primary Skill"
        }
    },
    {
        "model": "division_core.loadoutslot",
        "pk": 10,
        "fields": {
            "created_at": "2023-06-18T17:14:29.502Z",
            "updated_at": "2023-06-18T17:14:29.502Z",
            "user": 1,
            "load_out_slot_name": "Secondary Skill"
        }
    },
    {
        "model": "division_core.loadoutslot",
        "pk": 11,
        "fields": {
            "created_at": "2023-06-18T17:14:29.504Z",
            "updated_at": "2023-06-18T17:14:29.504Z",
            "user": 1,
            "load_out_slot_name": "Specialisation"
        }
    },
    {
        "model": "division_core.gearattributetype",
        "pk": 1,
        "fields": {
            "created_at": "2023-06-18T17:02:42.896Z",
            "updated_at": "2023-06-18T17:02:42.896Z",
            "user": 1,
            "gear_attribute_type_name": "Core"
        }
    },
    {
        "model": "division_core.gearattributetype",
        "pk": 2,
        "fields": {
            "created_at": "2023-06-18T17:02:42.896Z",
            "updated_at": "2023-06-18T17:02:42.896Z",
            "user": 1,
            "gear_attribute_type_name": "Offensive"
        }
    },
    {
        "model": "division_core.gearattributetype",
        "pk": 3,
        "fields": {
            "created_at": "2023-06-18T17:02:42.896Z",
            "updated_at": "2023-06-18T17:02:42.896Z",
            "user": 1,
            "gear_attribute_type_name": "Defensive"
        }
    },
    {
        "model": "division_core.gearattributetype",
        "pk": 4,
        "fields": {
            "created_at": "2023-06-18T17:02:42.896Z",
            "updated_at": "2023-06-18T17:02:42.896Z",
            "user": 1,
            "gear_attribute_type_name": "Utility"
        }
    },
    {
        "model": "division_core.gearmodificationtype",
        "pk": 1,
        "fields": {
            "created_at": "2023-06-18T17:10:10.369Z",
            "updated_at": "2023-06-18T17:10:10.369Z",
            "user": 1,
            "gear_modification_type_name": "Offensive"
        }
    },
    {
        "model": "division_core.gearmodificationtype",
        "pk": 2,
        "fields": {
            "created_at": "2023-06-18T17:10:10.375Z",
            "updated_at": "2023-06-18T17:10:10.375Z",
            "user": 1,
            "gear_modification_type_name": "Defensive"
        }
    },
    {
        "model": "division_core.gearmodificationtype",
        "pk": 3,
        "fields": {
            "created_at": "2023-06-18T17:10:10.378Z",
            "updated_at": "2023-06-18T17:10:10.378Z",
            "user": 1,
            "gear_modification_type_name": "Utility"
        }
    },
    {
        "model": "division_core.skill",
        "pk": 1,
        "fields": {
            "created_at": "2023-06-18T18:54:39.239Z",
            "updated_at": "2023-06-18T18:54:39.239Z",
            "user": 1,
            "skill_name": "Chem Launcher",
            "skill_description": "The Chem Launcher shoots canisters of various chemicals which disperse upon impact to produce a variety of effects. The Chem Launcher has four variants: Firestarter, Riot Foam, Oxidizer, and Reinforcer.  "
        }
    },
    {
        "model": "division_core.skill",
        "pk": 2,
        "fields": {
            "created_at": "2023-06-18T18:54:39.239Z",
            "updated_at": "2023-06-18T18:54:39.239Z",
            "user": 1,
            "skill_name": "Decoy",
            "skill_description": "As the name says, it is 1 Decoy with the function of Attracting the attention of the Enemy (NPC) so that he shoots the Decoy, thus being Exposed for the Player to shoot the enemy NPC. Thus facilitating your mission. however, this ability does not last long. and it's just for that. (attracting the attention of enemies)."
        }
    },
    {
        "model": "division_core.skill",
        "pk": 3,
        "fields": {
            "created_at": "2023-06-18T18:54:39.239Z",
            "updated_at": "2023-06-18T18:54:39.239Z",
            "user": 1,
            "skill_name": "Drone",
            "skill_description": "The Assault Drone is an unmanned drone that affects specific targets with a variety of effects. Once drones are deployed, they hover in the air above the player either waiting for additional input for location (Bombardier and Tactician), or automatically performing its job (Striker, Defender, and Fixer). "
        }
    },
    {
        "model": "division_core.skill",
        "pk": 4,
        "fields": {
            "created_at": "2023-06-18T18:54:39.239Z",
            "updated_at": "2023-06-18T18:54:39.239Z",
            "user": 1,
            "skill_name": "Firefly",
            "skill_description": "The Firefly drone is a small flying drone, similar to drones but functioning as payload-delivery system rather than a proxy under the control of an agent. "
        }
    },
    {
        "model": "division_core.skill",
        "pk": 5,
        "fields": {
            "created_at": "2023-06-18T18:54:39.239Z",
            "updated_at": "2023-06-18T18:54:39.239Z",
            "user": 1,
            "skill_name": "Hive",
            "skill_description": "Hives are pod-shaped devices containing special micro-drones that affect those who come within range of the hive. Hives are deployed much like turrets, in that agents throw them to a location; once on the ground, their micro-drones will target any valid unit inside their radius (this can be an ally or enemy, depending on the Hive variant used). "
        }
    },
    {
        "model": "division_core.skill",
        "pk": 6,
        "fields": {
            "created_at": "2023-06-18T18:54:39.239Z",
            "updated_at": "2023-06-18T18:54:39.239Z",
            "user": 1,
            "skill_name": "Pulse",
            "skill_description": "The Pulse skill acts like a short-range radar type device. It can either mark enemies, or apply status effects to them. There are currently 5 pulse variants, four are in-game while one (the Achilles) is coming up as a reward for taking down Faye Lau. "
        }
    },
    {
        "model": "division_core.skill",
        "pk": 7,
        "fields": {
            "created_at": "2023-06-18T18:54:39.239Z",
            "updated_at": "2023-06-18T18:54:39.239Z",
            "user": 1,
            "skill_name": "Seeker Mine",
            "skill_description": "When used, an agent activates a small rounded mine and throws it (or drops it at their feet); the mine will immediately lock onto the closest enemy target in range and roll along the ground in their direction. Once in proximity, the mine will immediately detonate in an explosion for damage or another effect. "
        }
    },
    {
        "model": "division_core.skill",
        "pk": 8,
        "fields": {
            "created_at": "2023-06-18T18:54:39.239Z",
            "updated_at": "2023-06-18T18:54:39.239Z",
            "user": 1,
            "skill_name": "Ballistic Shield",
            "skill_description": "The Ballistic Shield is just that, a shield. It prevents an enemy's bullets from hitting the agent from a certain direction. The shield will take a certain amount of damage before it breaks, and in order for it to be deployed, the agent must be out of cover. The mods for this skill mainly affect the mobility of the agent while the shield is in use. "
        }
    },
    {
        "model": "division_core.skill",
        "pk": 9,
        "fields": {
            "created_at": "2023-06-18T18:54:39.239Z",
            "updated_at": "2023-06-18T18:54:39.239Z",
            "user": 1,
            "skill_name": "Sticky Bomb",
            "skill_description": "The Sticky bomb makes a return from the first game. It is a remote-activated explosive that sticks to whatever surface it lands on, including enemies."
        }
    },
    {
        "model": "division_core.skill",
        "pk": 10,
        "fields": {
            "created_at": "2023-06-18T18:54:39.239Z",
            "updated_at": "2023-06-18T18:54:39.239Z",
            "user": 1,
            "skill_name": "Trap",
            "skill_description": "A thrown device that explodes mid-air to release several mines in a preset pattern along the ground, which activate whenever a target enters its area of effect."
        }
    },
    {
        "model": "division_core.skill",
        "pk": 11,
        "fields": {
            "created_at": "2023-06-18T18:54:39.239Z",
            "updated_at": "2023-06-18T18:54:39.239Z",
            "user": 1,
            "skill_name": "Turret",
            "skill_description": "The Turret is a deployable device that will fire at enemies with varying payloads. It can also be told to target one specific enemy over all others, or to fire at any enemy of its choice. "
        }
    },
    {
        "model": "division_core.skillvariant",
        "pk": 1,
        "fields": {
            "created_at": "2023-06-18T18:54:39.239Z",
            "updated_at": "2023-06-18T18:54:39.239Z",
            "user": 1,
            "skill_variant_name": "Firestarter",
            "skill_variant_description": "The firestarter canister sends out flammable, near-invisible gas. These gas clouds can be ignited with any spark—bullet impacts, enemies firing their weapons inside the cloud, explosions or even enemies running into them while on fire. If you combine multiple clouds over a large area, you can create devastating chain reactions.",
            "skill": 1
        }
    },
    {
        "model": "division_core.skillvariant",
        "pk": 2,
        "fields": {
            "created_at": "2023-06-18T18:54:39.239Z",
            "updated_at": "2023-06-18T18:54:39.239Z",
            "user": 1,
            "skill_variant_name": "Riot Foam",
            "skill_variant_description": "This skill fires a canister with riot control foam that disperses on impact. The foam is sticky, heavy, and it expands rapidly. Anyone affected by the foam is stuck in place for a period of time, but the hardened foam can be destroyed to break them free.\r\n\r\nThe Riot Foam variant uses dark beige-colored canisters. ",
            "skill": 1
        }
    },
    {
        "model": "division_core.skillvariant",
        "pk": 3,
        "fields": {
            "created_at": "2023-06-18T18:54:39.239Z",
            "updated_at": "2023-06-18T18:54:39.239Z",
            "user": 1,
            "skill_variant_name": "Oxidizer",
            "skill_variant_description": "The Oxidizer fires a canister that emits a cloud of corrosive chemicals. The chemical cloud lingers for a long time and efficiently eats away at the armor and health of enemies caught within its radius, as well as damage devices such as health stations, turrets, and drones. The Oxidizer's canisters are colored purple. ",
            "skill": 1
        }
    },
    {
        "model": "division_core.skillvariant",
        "pk": 4,
        "fields": {
            "created_at": "2023-06-18T18:54:39.239Z",
            "updated_at": "2023-06-18T18:54:39.239Z",
            "user": 1,
            "skill_variant_name": "Reinforcer",
            "skill_variant_description": "The Reinforcer fires a projectile that detonates and disperses an armor repairing cloud. If this powder hits you or your teammates, it restores an amount of your armor. Powder that sticks on the ground grants armor restoration over time. You have the ability to heal your friends very fast, or even yourself over time. Reinforcer variant uses green-colored canisters.  ",
            "skill": 1
        }
    },
    {
        "model": "division_core.skillvariant",
        "pk": 5,
        "fields": {
            "created_at": "2023-06-18T18:54:39.239Z",
            "updated_at": "2023-06-18T18:54:39.239Z",
            "user": 1,
            "skill_variant_name": "Decoy",
            "skill_variant_description": "No Variants",
            "skill": 2
        }
    },
    {
        "model": "division_core.skillvariant",
        "pk": 6,
        "fields": {
            "created_at": "2023-06-18T18:54:39.239Z",
            "updated_at": "2023-06-18T18:54:39.239Z",
            "user": 1,
            "skill_variant_name": "Striker",
            "skill_variant_description": "As suggested by the name, this is an offensive version of the Drone. Built for combat, the Striker possesses a turret that inflicts continuous damage upon its target. This drone can receive remote orders from its controller to attack specific targets, or it will automatically target nearby enemies. The Striker Drone's indicator lights are the iconic Division orange, and a miniature turret is attached at the bottom.",
            "skill": 3
        }
    },
    {
        "model": "division_core.skillvariant",
        "pk": 7,
        "fields": {
            "created_at": "2023-06-18T18:54:39.239Z",
            "updated_at": "2023-06-18T18:54:39.239Z",
            "user": 1,
            "skill_variant_name": "Defender",
            "skill_variant_description": "The Defender is a defensive drone that protects its owner by utilizing an experimental microwave directed emitter. It attempts to deflect incoming bullets with microwave bursts, creating an invisible barrier. However, each bullet deflected reduces its duration, and it is incapable of defending itself from enemy fire. It can, however, be ordered to guard friends or other friendly skill items. ",
            "skill": 3
        }
    },
    {
        "model": "division_core.skillvariant",
        "pk": 8,
        "fields": {
            "created_at": "2023-06-18T18:54:39.239Z",
            "updated_at": "2023-06-18T18:54:39.239Z",
            "user": 1,
            "skill_variant_name": "Bombardier",
            "skill_variant_description": "This drone can perform a bombing run across a long area. The drone flies to an area designated by the player and drops a barrage of explosives as it strafes from one end of the zone to the other. Why need air support when you can use this mod and go on the offensive. ",
            "skill": 3
        }
    },
    {
        "model": "division_core.skillvariant",
        "pk": 9,
        "fields": {
            "created_at": "2023-06-18T18:54:39.239Z",
            "updated_at": "2023-06-18T18:54:39.239Z",
            "user": 1,
            "skill_variant_name": "Fixer",
            "skill_variant_description": "This supportive drone repairs armor over time. You can choose whether you want it to fly next to you and passively repair your armor, or choose a friendly target whose armor needs repairing, including other damaged skills. ",
            "skill": 3
        }
    },
    {
        "model": "division_core.skillvariant",
        "pk": 10,
        "fields": {
            "created_at": "2023-06-18T18:54:39.239Z",
            "updated_at": "2023-06-18T18:54:39.239Z",
            "user": 1,
            "skill_variant_name": "Blinder",
            "skill_variant_description": "Blinder Fireflies deliver a payload that temporarily blinds targets, similar to a flash-bang grenade. While this deals no damage, blinded enemies can be vulnerable to other attacks as they often stagger around out of cover. Blinders can also target up to four enemies without mods, as opposed to the maximum of three for the other variants. ",
            "skill": 4
        }
    },
    {
        "model": "division_core.skillvariant",
        "pk": 11,
        "fields": {
            "created_at": "2023-06-18T18:54:39.239Z",
            "updated_at": "2023-06-18T18:54:39.239Z",
            "user": 1,
            "skill_variant_name": "Burster",
            "skill_variant_description": "Burster Fireflies attach small explosive charges to each of their targets. If two of these targets approach each other, the charges will detonate, which also sets off the charges on any other target of the Burster. ",
            "skill": 4
        }
    },
    {
        "model": "division_core.skillvariant",
        "pk": 12,
        "fields": {
            "created_at": "2023-06-18T18:54:39.239Z",
            "updated_at": "2023-06-18T18:54:39.239Z",
            "user": 1,
            "skill_variant_name": "Demolisher",
            "skill_variant_description": "Demolisher Fireflies target enemy weak-points, often destroying them outright. This effect can be very powerful, as certain enemies will be unable to use their abilities if their weak-points are destroyed. They can also target enemy skill proxies like turrets and detonate environmental explosives. Demolishers cannot target enemies that have no weak-points (such as the Assault archetypes). ",
            "skill": 4
        }
    },
    {
        "model": "division_core.skillvariant",
        "pk": 13,
        "fields": {
            "created_at": "2023-06-18T18:54:39.239Z",
            "updated_at": "2023-06-18T18:54:39.239Z",
            "user": 1,
            "skill_variant_name": "Stinger",
            "skill_variant_description": "Stinger Hives emit micro-drones that swarm hostile targets who enter their range, inflicting damage and targeting weak spots, destroying them efficiently. Stinger micro-drones also cause some enemies to bleed and flail about while they are under attack from the hive, preventing them from attacking or taking other actions.",
            "skill": 5
        }
    },
    {
        "model": "division_core.skillvariant",
        "pk": 14,
        "fields": {
            "created_at": "2023-06-18T18:54:39.239Z",
            "updated_at": "2023-06-18T18:54:39.239Z",
            "user": 1,
            "skill_variant_name": "Restorer",
            "skill_variant_description": "When the Restorer Hive detects missing armor on a friendly agent in its range, it deploys micro-repair drones towards the agent. On impact, an amount of armor is repaired. The micro-drones on the Restorer variant glow a bright green. ",
            "skill": 5
        }
    },
    {
        "model": "division_core.skillvariant",
        "pk": 15,
        "fields": {
            "created_at": "2023-06-18T18:54:39.239Z",
            "updated_at": "2023-06-18T18:54:39.239Z",
            "user": 1,
            "skill_variant_name": "Booster",
            "skill_variant_description": "The Booster Hive enhances agents by sending out micro-drones that administer stimulants to increase their combat efficiency — boosting weapon handling, movement and other physical capabilities of the agent by roughly 20%. Booster stimulants last for 20 seconds. The micro-drones on the Booster variant glow a slightly dim yellow.",
            "skill": 5
        }
    },
    {
        "model": "division_core.skillvariant",
        "pk": 16,
        "fields": {
            "created_at": "2023-06-18T18:54:39.239Z",
            "updated_at": "2023-06-18T18:54:39.239Z",
            "user": 1,
            "skill_variant_name": "Reviver",
            "skill_variant_description": "When deployed, the Reviver Hive can revive allies within a specific radius on the ground. Unlike the other variants, Reviver Hives are not autonomous and must have their micro-drones manually activated by the agent; an agent can also charge up the micro-drones to increase the health and armor an ally revives with. Reviver Hives will also deploy automatically and revive an agent carrying one if they are downed, so long as the hive is not cooling down.  ",
            "skill": 5
        }
    },
    {
        "model": "division_core.skillvariant",
        "pk": 17,
        "fields": {
            "created_at": "2023-06-18T18:54:39.239Z",
            "updated_at": "2023-06-18T18:54:39.239Z",
            "user": 1,
            "skill_variant_name": "Artificer",
            "skill_variant_description": "Exclusive to the new \"Technician\" specialization, the Artificer Hive shoots out fast-acting micro-drones to deployed skills (including other Hives), repairing them, temporarily boosting their performance/damage, and extending their duration. The micro-drones on the exclusive Artificer variant glow the Dark Zone purple.  ",
            "skill": 5
        }
    },
    {
        "model": "division_core.skillvariant",
        "pk": 18,
        "fields": {
            "created_at": "2023-06-18T18:54:39.239Z",
            "updated_at": "2023-06-18T18:54:39.239Z",
            "user": 1,
            "skill_variant_name": "Scanner",
            "skill_variant_description": "The Scanner pulses the surrounding area for hostiles and visually highlights them on the agent's HUD. It sends out a single pulse centered on the player agent that marks enemies within the radius, and has longer range than the Remote Pulse",
            "skill": 6
        }
    },
    {
        "model": "division_core.skillvariant",
        "pk": 19,
        "fields": {
            "created_at": "2023-06-18T18:54:39.239Z",
            "updated_at": "2023-06-18T18:54:39.239Z",
            "user": 1,
            "skill_variant_name": "Remote",
            "skill_variant_description": "A throwable version of the Standard Pulse that allows for scanning things in a remote area. This device can be either thrown to a new location, or set on the ground under the player, where it will provide multiple pulses over time in a smaller area. ",
            "skill": 6
        }
    },
    {
        "model": "division_core.skillvariant",
        "pk": 20,
        "fields": {
            "created_at": "2023-06-18T18:54:39.239Z",
            "updated_at": "2023-06-18T18:54:39.239Z",
            "user": 1,
            "skill_variant_name": "Jammer",
            "skill_variant_description": "This mod is similar to the tech that Hunters use. This mod discharges an EMP blast disabling all active enemy tech in the area. The longer the user charges the skill, the larger the EMP's radius will be, it does not detect enemies, but applies the \"Disrupted\" status effect to all enemies within its radius.",
            "skill": 6
        }
    },
    {
        "model": "division_core.skillvariant",
        "pk": 21,
        "fields": {
            "created_at": "2023-06-18T18:54:39.239Z",
            "updated_at": "2023-06-18T18:54:39.239Z",
            "user": 1,
            "skill_variant_name": "Banshee",
            "skill_variant_description": "This mod is the signature skill to the new Gunner Specialization: This mod sends out a forward pulse, ignoring cover and pushing enemies out of their cover by confusing them. The Banshee Pulse has a battery extension on the bottom of the ISAC Brick, and a range extension cap on top of its orange receiver.",
            "skill": 6
        }
    },
    {
        "model": "division_core.skillvariant",
        "pk": 22,
        "fields": {
            "created_at": "2023-06-18T18:54:39.239Z",
            "updated_at": "2023-06-18T18:54:39.239Z",
            "user": 1,
            "skill_variant_name": "Achilles",
            "skill_variant_description": "This mod identifies the weakness for your opponents. The weakness can be either exploited or can be focus fired upon for extra damage. This mod can be obtained from Faye Lau in the End of Watch. ",
            "skill": 6
        }
    },
    {
        "model": "division_core.skillvariant",
        "pk": 23,
        "fields": {
            "created_at": "2023-06-18T18:54:39.239Z",
            "updated_at": "2023-06-18T18:54:39.239Z",
            "user": 1,
            "skill_variant_name": "Explosive",
            "skill_variant_description": "This classic seeker mine chases the target that it will either track automatically but can also be given a specific target at the agent's choosing, then detonates with a staggering explosion that causes enemies to bleed. However, it can be avoided as there is a slight arming time before it explodes. ",
            "skill": 7
        }
    },
    {
        "model": "division_core.skillvariant",
        "pk": 24,
        "fields": {
            "created_at": "2023-06-18T18:54:39.239Z",
            "updated_at": "2023-06-18T18:54:39.239Z",
            "user": 1,
            "skill_variant_name": "Airburst",
            "skill_variant_description": "This mine rolls to your designated area and then launches an explosive burst into the air at head height of the enemy when reaching proximity. Any enemies caught within the mine's blast zone are inflicted with burn damage and status. ",
            "skill": 7
        }
    },
    {
        "model": "division_core.skillvariant",
        "pk": 25,
        "fields": {
            "created_at": "2023-06-18T18:54:39.239Z",
            "updated_at": "2023-06-18T18:54:39.239Z",
            "user": 1,
            "skill_variant_name": "Mender",
            "skill_variant_description": "Similar to the Reinforcer Chem Launcher, this friendly little seeker mine releases repair chemicals. These chemicals form a cloud that repairs your armor or that of an ally. If you have not chosen a specific target for the Mender Seeker Mine, allies that lose all their armor are automatically targeted by the mine. This is the Specialist skill for the Survivalist Specialization. ",
            "skill": 7
        }
    },
    {
        "model": "division_core.skillvariant",
        "pk": 26,
        "fields": {
            "created_at": "2023-06-18T18:54:39.239Z",
            "updated_at": "2023-06-18T18:54:39.239Z",
            "user": 1,
            "skill_variant_name": "Cluster",
            "skill_variant_description": "The Cluster contains a number of smaller charges in one package, each capable of propelling itself. When deployed, each of the smaller mines picks a target and sets off towards it. However, these smaller mines are easier to avoid as they do not have room for advanced tracking equipment and cannot adjust their destination if their target moves.",
            "skill": 7
        }
    },
    {
        "model": "division_core.skillvariant",
        "pk": 27,
        "fields": {
            "created_at": "2023-06-18T18:54:39.239Z",
            "updated_at": "2023-06-18T18:54:39.239Z",
            "user": 1,
            "skill_variant_name": "Bulwark",
            "skill_variant_description": "The Bulwark is the standard shield that veteran agents might recognize from the first game. The shield provides full-body protection and restricts agents to using only their sidearm. ",
            "skill": 8
        }
    },
    {
        "model": "division_core.skillvariant",
        "pk": 28,
        "fields": {
            "created_at": "2023-06-18T18:54:39.239Z",
            "updated_at": "2023-06-18T18:54:39.239Z",
            "user": 1,
            "skill_variant_name": "Crusader",
            "skill_variant_description": "This shield mod lets you use an Assault Rifle, Shotgun, or an SMG. This is a lighter version of the Ballistic Shield but, as it only covers your upper body and does not cover your legs or your head.",
            "skill": 8
        }
    },
    {
        "model": "division_core.skillvariant",
        "pk": 29,
        "fields": {
            "created_at": "2023-06-18T18:54:39.239Z",
            "updated_at": "2023-06-18T18:54:39.239Z",
            "user": 1,
            "skill_variant_name": "Reflector",
            "skill_variant_description": "The reflector mod for the ballistic shield makes the shield reflect incoming attacks to a specified point, but only allows for pistols to be used while it is equipped. This also provides a smaller area of protection than even the Bulwark, as it is only covering the center of the chest, similar to the Crusader mod. ",
            "skill": 8
        }
    },
    {
        "model": "division_core.skillvariant",
        "pk": 30,
        "fields": {
            "created_at": "2023-06-18T18:54:39.239Z",
            "updated_at": "2023-06-18T18:54:39.239Z",
            "user": 1,
            "skill_variant_name": "Striker Shield",
            "skill_variant_description": " Exclusive to the Firewall Specialization; Modified Crusader Shield, allows the K8 JetStream Flamethrower signature weapon to be used while equipped. In addition, the Striker Shield boosts the damage of the user and all allies behind them based on the number of enemies in front of the shield.",
            "skill": 8
        }
    },
    {
        "model": "division_core.skillvariant",
        "pk": 31,
        "fields": {
            "created_at": "2023-06-18T18:54:39.239Z",
            "updated_at": "2023-06-18T18:54:39.239Z",
            "user": 1,
            "skill_variant_name": "Explosive ",
            "skill_variant_description": " Reward for killing rogue agent James Dragov. Shoots an adhesive payload that causes panic in targets, and can be remote detonated to cause a large explosion.",
            "skill": 9
        }
    },
    {
        "model": "division_core.skillvariant",
        "pk": 32,
        "fields": {
            "created_at": "2023-06-18T18:54:39.239Z",
            "updated_at": "2023-06-18T18:54:39.239Z",
            "user": 1,
            "skill_variant_name": "Burn",
            "skill_variant_description": " Reward for killing rogue agent Vivian Conley. Shoots an adhesive payload that burns the target and creates a flame that can ignite nearby hostiles. It can be remote detonated to burn a large area. Applies Burn status effect on affected targets.",
            "skill": 9
        }
    },
    {
        "model": "division_core.skillvariant",
        "pk": 33,
        "fields": {
            "created_at": "2023-06-18T18:54:39.239Z",
            "updated_at": "2023-06-18T18:54:39.239Z",
            "user": 1,
            "skill_variant_name": "EMP",
            "skill_variant_description": " Reward for killing Season 1 Prime Target: Rogue agent Molly \"Jupiter\" Henderson. Shoots an adhesive payload that disrupts the target continuously. It can be remote detonated to create a large EMP Blast. Applies Disrupt status effect on affected targets.",
            "skill": 9
        }
    },
    {
        "model": "division_core.skillvariant",
        "pk": 34,
        "fields": {
            "created_at": "2023-06-18T18:54:39.239Z",
            "updated_at": "2023-06-18T18:54:39.239Z",
            "user": 1,
            "skill_variant_name": "Shock",
            "skill_variant_description": " Reward for killing rogue agent Javier Kajika. Scatters a minefield of small devices capable of shocking targets moving in their proximity. Applies Shock status effect on affected targets.",
            "skill": 10
        }
    },
    {
        "model": "division_core.skillvariant",
        "pk": 35,
        "fields": {
            "created_at": "2023-06-18T18:54:39.239Z",
            "updated_at": "2023-06-18T18:54:39.239Z",
            "user": 1,
            "skill_variant_name": "Repair",
            "skill_variant_description": "Reward for killing Season 2 Prime Target: Rogue agent Carter \"Hornet\" Leroux. Scatters a minefield of small devices capable of healing friendlies in their proximity. Applies Status Effect Immunity for 10s when in Overcharge mode.",
            "skill": 10
        }
    },
    {
        "model": "division_core.skillvariant",
        "pk": 36,
        "fields": {
            "created_at": "2023-06-18T18:54:39.239Z",
            "updated_at": "2023-06-18T18:54:39.239Z",
            "user": 1,
            "skill_variant_name": "Shrapnel",
            "skill_variant_description": "Reward for defeating Season 3 Prime Target: BTSU Leader Bardon Schaeffer. Scatters a minefield of small explosive device that can attach to any surface (including enemies) and then detonate based on enemy proximity. Applies Bleed status effect on affected targets.",
            "skill": 10
        }
    },
    {
        "model": "division_core.skillvariant",
        "pk": 37,
        "fields": {
            "created_at": "2023-06-18T18:54:39.239Z",
            "updated_at": "2023-06-18T18:54:39.239Z",
            "user": 1,
            "skill_variant_name": "Assault",
            "skill_variant_description": "Armed with a submachine gun, automatically tracks and attacks hostile targets, but can be manually overridden to target a specific enemy.",
            "skill": 11
        }
    },
    {
        "model": "division_core.skillvariant",
        "pk": 38,
        "fields": {
            "created_at": "2023-06-18T18:54:39.239Z",
            "updated_at": "2023-06-18T18:54:39.239Z",
            "user": 1,
            "skill_variant_name": "Incinerator",
            "skill_variant_description": "Armed with a flamethrower, manually controlled by the agent to dispense streams of flame in a forward-facing cone. Applies Burn status effect on affected targets.",
            "skill": 11
        }
    },
    {
        "model": "division_core.skillvariant",
        "pk": 39,
        "fields": {
            "created_at": "2023-06-18T18:54:39.239Z",
            "updated_at": "2023-06-18T18:54:39.239Z",
            "user": 1,
            "skill_variant_name": "Sniper",
            "skill_variant_description": "Armed with a marksman rifle, fires high-caliber rounds at manually selected targets.",
            "skill": 11
        }
    },
    {
        "model": "division_core.skillvariant",
        "pk": 40,
        "fields": {
            "created_at": "2023-06-18T18:54:39.239Z",
            "updated_at": "2023-06-18T18:54:39.239Z",
            "user": 1,
            "skill_variant_name": "Artillery",
            "skill_variant_description": " Exclusive to the Demolitionist Specialization; Launches ordinance at manually targeted locations.",
            "skill": 11
        }
    },
    {
        "model": "division_core.user",
        "pk": 1,
        "fields": {
            "password": "pbkdf2_sha256$600000$OIHKgngFBj0g64S40NLBw1$KVyM0v5oL3vzC8XYcEyJ6G2hEe1lB60MWh5C+MzhDoc=",
            "last_login": "2023-06-18T16:48:33.582Z",
            "is_superuser": true,
            "email": "admin@psm.dev",
            "first_name": "System",
            "last_name": "Administrator",
            "is_active": true,
            "is_staff": true,
            "groups": [],
            "user_permissions": []
        }
    }
]